D,mean,sd,Tukey
0.37,82.75,2.061552813,a
0.51,77,2.309401077,ab
0.71,75,1.825741858,b
1.02,71.75,3.304037934,b
1.4,65,3.559026084,c
1.99,62.75,2.753785274,c