Glass,Temp,mean,sd,Tukey
A,150,1386,6,a
B,150,1313,14.52583904633395,b
A,125,1087.3333333333333,2.516611478423583,c
C,125,1054.6666666666667,10.598742063723098,c
B,125,1035,35,c
C,150,886.6666666666666,18.610033136277146,d
C,100,573.3333333333334,26.539279065817393,e
A,100,572.6666666666666,6.429100507328637,e
B,100,553,24.63736998950984,e
